street,crashes
Pärnu mnt,474
Narva mnt,339
Paldiski mnt,335
Sõpruse pst,282
Tartu mnt,220
A. H. Tammsaare tee,196
Peterburi tee,171
Sõle tn,161
Ehitajate tee,155
Mustamäe tee,154
Õismäe tee,148
Kopli tn,130
Laagna tee,128
Endla tn,126
Punane tn,124
Pirita tee,96
Vabaduse pst,93
(unknown),90
E. Vilde tee,88
Toompuiestee,88
J. Smuuli tee,84
Akadeemia tee,84
Liivalaia tn,77
Gonsiori tn,76
Tehnika tn,75
Estonia pst,71
Kadaka tee,71
Linnamäe tee,70
Mustakivi tee,69
Telliskivi tn,65
Suur-Sõjamäe tn,64
Järvevana tee,64
Tööstuse tn,62
Merivälja tee,59
Tulika tn,59
K. Kärberi tn,58
Männiku tee,55
Ahtri tn,54
Majaka tn,51
Mere pst,51
J. Sütiste tee,49
Põhja pst,47
Rannamõisa tee,46
Nõmme tee,45
Viljandi mnt,45
Kadaka pst,41
Pae tn,41
Juhkentali tn,41
Ristiku tn,40
Pärnamäe tee,40
Järveotsa tee,39
Valdeku tn,38
Raadiku tn,38
Rävala pst,36
Tondi tn,35
Kaarli pst,35
Kolde pst,34
Pallasti tn,32
F. R. Kreutzwaldi tn,32
Paljassaare tee,29
Vabaõhumuuseumi tee,29
Pelguranna tn,29
Mahtra tn,29
Randvere tee,28
Veerenni tn,27
Ranna tee,26
Pronksi tn,26
Suur-Ameerika tn,25
Kloostrimetsa tee,24
Paekaare tn,24
Liikuri tn,24
Lastekodu tn,24
Astangu tn,24
Rahumäe tee,23
Kalaranna tn,23
Kose tee,22
Luise tn,21
Tuukri tn,21
Linnu tee,21
Retke tee,20
Tähesaju tee,20
Reidi tee,20
J. Kunderi tn,19
A. Laikmaa tn,19
Kivila tn,19
Kotka tn,19
Viru väljak,18
Rannamäe tee,18
Läänemere tee,18
Ussimäe tee,18
Tähetorni tn,17
Vabaduse väljak,17
Erika tn,17
Valge tn,16
Keskuse tn,16
Sadama tn,16
Teatri väljak,16
Tatari tn,15
Raua tn,15
Varraku tn,15
Soo tn,15
Sitsi tn,15
Võidujooksu tn,15
Väike-Ameerika tn,14
Kakumäe tee,14
Hobujaama tn,14
Koidu tn,14
Vikerlase tn,13
Filtri tee,13
J. Vilmsi tn,13
Rummu tee,13
Ümera tn,13
Laeva tn,13
Puhangu tn,13
Lasnamäe tn,13
Kari tn,12
Raudtee tn,12
Koskla tn,12
Priisle tee,12
Kai tn,12
Sakala tn,11
Viru tn,11
A. Weizenbergi tn,11
Kentmanni tn,10
Osmussaare tn,10
J. Poska tn,10
Lubja tn,10
Tervise tn,10
J. Koorti tn,10
Turu plats,10
Jõe tn,10
Suur-Karja tn,9
Lootsi tn,9
Mäepealse tn,9
Madala tn,9
Vesivärava tn,9
Lootuse pst,9
Tõnismägi,9
Tuulemaa tn,9
Vana-Rannamõisa tee,9
Kivimurru tn,9
Odra tn,9
Uus-Sadama tn,9
Pikk tn,8
Randla tn,8
A. Lauteri tn,8
Lükati tee,8
Muuga tee,8
Rohu tn,8
Jaama tn,8
Sihi tn,8
Maleva tn,8
Tornimäe tn,8
Laki tn,8
Wismari tn,8
Vormsi tn,8
Purde tn,8
Vana-Kuuli tn,8
Katleri tn,8
Madara tn,7
Salme tn,7
Kaubamaja tn,7
Virbi tn,7
Lembitu tn,7
P. Pinna tn,7
Vääna tn,7
Suurtüki tn,7
Arbu tn,7
Vabaõhukooli tee,7
Heina tn,7
Hiiu tn,7
Suur-Patarei tn,7
Kotzebue tn,6
Vana-Lõuna tn,6
Viimsi tee,6
Põllu tn,6
Marja tn,6
Virmalise tn,6
Volta tn,6
Õie tn,6
Kalevipoja põik,6
Tuuliku tee,6
TALLINNA  RINGTEE,6
Ehte tn,6
Taevakivi tn,6
Mulla tn,6
Haabersti tn,6
Pikaliiva tn,6
Lennujaama tee,6
Muhu tn,6
Kiikri tn,6
Masina tn,6
Paavli tn,5
Keemia tn,5
Härjapea tn,5
Tondiraba tn,5
Bensiini tn,5
Vana-Kalamaja tn,5
Filmi tn,5
Ranniku tee,5
Komandandi tee,5
Lõõtsa tn,5
F. R. Faehlmanni tn,5
Lai tn,5
Kiili tn,5
K. Türnpu tn,5
Tähe tn,5
Nunne tn,5
Kivisilla tn,5
L. Koidula tn,5
Ädala tn,5
V. Reimani tn,5
Võru tn,5
Veskiposti tn,5
Karjavälja tn,5
Viadukti tn,5
Vasara tn,5
Martsa tn,5
Tedre tn,5
Järve tn,5
Õle tn,5
Veskimetsa tn,4
Mõisa tn,4
Kauba tn,4
Suur Rannavärav,4
TALLINN - PALDISKI,4
Rotermanni tn,4
Ravi tn,4
Siili tn,4
Loitsu tn,4
Regati pst,4
Asula tn,4
Inseneri tn,4
Pikksilma tn,4
Kaera tn,4
Luha tn,4
Graniidi tn,4
TALLINN - RAPLA - TÜRI,4
Valukoja tn,4
Asunduse tn,4
Tihase tn,4
Purje tn,4
Maakri tn,4
Kõrgepinge tn,4
Pikri tn,4
G. Otsa tn,4
Paasiku tn,4
Nisu tn,4
Jalgpalli tn,4
Supluse pst,4
Pöörise tn,4
Kotermaa tn,4
Turba tn,4
Merirahu tn,4
Merimetsa tee,4
Keldrimäe tn,4
Vabriku tn,4
Sepa tn,3
Üliõpilaste tee,3
Videviku tn,3
Käo tn,3
Lagedi tee,3
Kuklase tn,3
Kuuli tn,3
Aru tn,3
Metsavahi tee,3
Saku tn,3
Niine tn,3
Kalda tn,3
Maneeži tn,3
Uus-Maleva tn,3
Mustjõe tn,3
Toompea tn,3
Mooni tn,3
Sääse tn,3
Juurdeveo tn,3
Kalevipoja tn,3
Mähe tee,3
Vilisuu tn,3
M. Härma tn,3
Vesilennuki tn,3
Hooldekodu tee,3
Kalasadama tn,3
Pargi tn,3
Katusepapi tn,3
Räägu tn,3
Alevi tn,3
Kase tn,3
Lahepea tn,3
P. Kerese tn,3
Silikaltsiidi tn,3
Laulupeo tn,3
Nooda tee,3
Suvila tn,3
Põdra tn,3
Seebi tn,3
Kassi tn,3
Sügise tn,3
Kuldnoka tn,3
Harku tn,3
Meeliku tn,3
Kotkapoja tn,3
Herne tn,3
Roseni tn,3
Vaablase tn,3
Maisi tn,3
Töökoja tn,3
Vana-Tartu mnt,3
Välja tn,3
Petrooleumi tn,3
Lille tn,3
P. Süda tn,3
Helme tn,3
Staapli tn,3
Õnne tn,3
Päevalille tn,3
Kungla tn,3
Jussikalda tn,3
Väo tee,3
Uus-Tatari tn,3
Kraavi tn,3
Logi tn,3
Hõbekuuse tee,3
Peetri tn,3
Reisijate tn,3
Mäekalda tn,3
Ketta tn,2
Kauka tn,2
C. R. Jakobsoni tn,2
Nafta tn,2
Rataskaevu tn,2
Ränduri tn,2
Suve tn,2
Roheline tn,2
Falgi tee,2
Kasvu tn,2
Aia tn,2
Betooni tn,2
Võsa tee,2
Pihlaka tn,2
Õitse tn,2
Vindi tn,2
Sinimäe tn,2
Sipelga tn,2
Lõuka tn,2
Paadi tn,2
Männiliiva tn,2
Rohula tn,2
Kajaka tn,2
J. V. Jannseni tn,2
Lehiku tee,2
Keskküla tn,2
Taara tn,2
Raekoja plats,2
TALLINN - NARVA,2
Mõisapõllu tn,2
Mardi tn,2
Tammede pst,2
Teaduspargi tn,2
Raja tn,2
Suusa tn,2
Kuke tn,2
Toominga tn,2
Uuslinna tn,2
Jääraku tee,2
Karu tn,2
Tirdi tn,2
Kopliranna tn,2
Vesse tn,2
TALLINN - TARTU - VÕRU - LUHAMAA,2
Sompa tee,2
Rahukohtu tn,2
Sinika tn,2
Liivamäe tn,2
Võistluse tn,2
Lesta tn,2
Tuisu tn,2
Majaka põik,2
Võlvi tn,2
Humala tn,2
Nõmme-Kase tn,2
Lahe tn,2
Aia tee,2
Rahu tee,2
Tolmuka tee,2
Marta tn,2
Keevise tn,2
Suur-Paala tn,2
Irusilla tn,2
Poordi tn,2
Valgevase tn,2
Mähe-Kaasiku tee,2
Mäe tn,2
Kaeravälja tn,2
Kesk-Sõjamäe tn,2
Marsi tn,2
Saturni tn,2
Nurmiku tee,2
Vambola tn,2
A. Adamsoni tn,2
Jõekalda tn,2
Tina tn,2
Noole tn,2
Vana-Viru tn,2
Forelli tn,2
Trummi tn,2
Vana-Veerenni tn,2
Aiandi tn,2
Sirbi tn,2
Kaupmehe tn,2
Tuuleveski tn,2
Saagi tn,2
Ida tee,2
Särje tn,2
Varre tn,2
Villardi tn,2
Lossi tn,2
Masti tn,2
Leiva tn,2
Rahvakooli tee,2
Piibelehe tn,2
Sossimäe tn,2
Energia tn,2
Tulekivi tn,2
Kärje tn,1
Väina tee,1
Pirni tn,1
Järvekalda tee,1
Mai tn,1
Aedvilja tn,1
Veerenni põik,1
Kurni tn,1
Hagudi tn,1
Väike-Paala tn,1
Võra tee,1
Lõkke tn,1
Lauri tee,1
Rännaku pst,1
Paplite pst,1
Lauliku tn,1
Amburi tn,1
Väike-Karja tn,1
Loo tn,1
Harju tn,1
Sikupilli tn,1
R. Tobiase tn,1
Hane tn,1
Algi põik,1
Paneeli tn,1
Kanali tee,1
Angerja tn,1
Mäekõrtsi tn,1
Paekalda tn,1
Mehaanika tn,1
Siduri tn,1
Vahtramäe tee,1
Risti tn,1
Ööbiku tn,1
Kiive tn,1
Torni tn,1
Olevimägi,1
Lina tn,1
E. Bornhöhe tee,1
Ravila tn,1
Sõbra tn,1
Tuulenurga tn,1
Padriku tee,1
Vinkli tn,1
Roopa tn,1
Aasa tn,1
Nurme tn,1
Krookuse tn,1
Vanemuise tn,1
Niguliste tn,1
Komeedi tn,1
Kiini tn,1
Laiaküla tee,1
Luige tn,1
Ranniku põik,1
Rapla tn,1
Betooni põik,1
Puhkekodu tee,1
Hommiku tn,1
Õllepruuli tn,1
Karsti tn,1
Künka tn,1
Piima tn,1
Võidu tn,1
Saarepiiga pst,1
Lõime tn,1
Kibuvitsa tn,1
Sepise tn,1
Ülemiste tee,1
Laine tn,1
TALLINN - PÄRNU - IKLA,1
Männimetsa põik,1
Raudsüdame tn,1
Kalmistu tee,1
Helbe tn,1
Ruunaoja tn,1
Kahu tn,1
Räime tn,1
Liimi tn,1
Kelluka tee,1
Kirsi tn,1
Kauge tn,1
Vete tn,1
Killustiku tn,1
Lehtri tn,1
Vana-Pärnu mnt,1
Raba tn,1
Trepi tn,1
Metsa tn,1
Kuuse tn,1
TALLINN - SAKU - LAAGRI,1
Paakspuu tee,1
Lemmiku tn,1
Kesktee,1
Piiri tn,1
Auna tn,1
Lossi plats,1
Härgmäe tn,1
Mõigu tee,1
Merekalju tn,1
Vibu tn,1
Liiviku tn,1
Roheline aas,1
Allveelaeva tn,1
Tedrepere tn,1
Taludevahe tn,1
Vana turg,1
Marati tn,1
Päikese pst,1
Nelgi tn,1
Virve tn,1
Gildi tn,1
Lilleoru tee,1
A. Alle tn,1
Laulu tn,1
Möldre tee,1
Ilmarise tn,1
Kaheküla tee,1
Kuunari tn,1
Oblika tee,1
Islandi väljak,1
Oru tn,1
Silde tn,1
Tooma tn,1
Pilvetee tn,1
Artelli tn,1
Jõeoti tn,1
Bremeni käik,1
Küti tee,1
Pikk jalg,1
Tuule tee,1
Harksaba tn,1
Halla tn,1
Haljas tee,1
Liivametsa tn,1
Karjamaa tn,1
Soone tn,1
Uus tn,1
Visase tn,1
Vahepere tn,1
Maarjaheina tn,1
Alemaa tn,1
Oda tn,1
VIIMSI - RANDVERE,1
Lõokese tn,1
Kummeli tee,1
Paepargi tn,1
Preesi tn,1
Tulbi tn,1
Malmi tn,1
Toom-Kooli tn,1
Küti tn,1
Angervaksa tn,1
Tulimulla tn,1
Suur-Sõjamäe põik,1
Ao tn,1
Nata tn,1
Laiamäe tee,1
Paide tn,1
Laane tn,1
Rahe tn,1
Kohtu tn,1
Tulika põik,1
Lõuna tn,1
Kupra tee,1
Hospidali tn,1
Torupilli ots,1
Veskilise tn,1
TALLINN - RANNAMÕISA - KLOOGARANNA,1
Lääne tee,1
Lauka tn,1
Sügislase tn,1
Vööri tn,1
K. A. Hermanni tn,1
Täpiku tn,1
Rabaküla tn,1
Spordi tn,1
Võsu tn,1
Printsu tee,1
Kihnu tn,1
Kollane tn,1
Kitseküla tn,1
Lennusadama tn,1
Vesipapi tn,1
Nabra tn,1
Mõtuse tn,1
Neeme tn,1
Tildri tn,1
Luite tn,1
Orase tn,1
Rukki tn,1
Pille tn,1
Mahla tn,1
Hirve tn,1
Sepapere tn,1
Havi tn,1
J. Köleri tn,1
Looga tn,1
Uue Maailma tn,1
Käokeele tee,1
Leevikese tn,1
Magdaleena tn,1
Vanakuu tn,1
Uus-Volta tn,1
Tala tn,1
Näituse tn,1
Tüve tn,1
J. Mändmetsa tn,1
Siidisaba tn,1
Leete tn,1
Vase tn,1
Vedru tn,1
Liiva tn,1
Mureli tn,1
Rehe tn,1
Palderjani tee,1
Kagu tn,1
Kaare tn,1
Väike-Sõjamäe tn,1
Abara tn,1
Lammi tn,1
Paabusilma tn,1
Rõugu tn,1
Kõlviku tee,1
Jakobi tn,1
Värsi tn,1
Kuristiku tn,1
Metsaveere tn,1
Kivimäe tn,1
Madalmaa tn,1
Kursi tn,1
Rumbi tn,1
Teelise tn,1
Kiisa tn,1
Männimetsa tee,1
